City_ID,City,Lat,Lng,Max Temp,Humidity,Cloudiness,Wind Speed,Country,Date
0,Viedma,-40.8135,-62.9967,48.24,83,100,17.65,AR,2022-07-14 20:49:08
1,Butaritari,3.0707,172.7902,81.9,80,36,17.56,KI,2022-07-14 20:45:37
2,Yeppoon,-23.1333,150.7333,46.18,71,0,5.93,AU,2022-07-14 20:48:38
3,Fort Nelson,58.8053,-122.7002,71.19,37,75,8.05,CA,2022-07-14 20:53:42
4,Ushuaia,-54.8,-68.3,33.42,80,0,2.3,AR,2022-07-14 20:46:45
5,Faanui,-16.4833,-151.75,77.83,63,100,23.58,PF,2022-07-14 20:53:42
6,Hualmay,-11.0964,-77.6139,64.45,73,49,14.25,PE,2022-07-14 20:53:42
7,Cape Town,-33.9258,18.4232,59.38,86,10,4.61,ZA,2022-07-14 20:40:51
8,Saskylakh,71.9167,114.0833,41.86,84,100,5.61,RU,2022-07-14 20:45:38
9,Busselton,-33.65,115.3333,59.05,76,77,13.8,AU,2022-07-14 20:45:35
10,Punta Arenas,-53.15,-70.9167,35.62,93,75,2.3,CL,2022-07-14 20:52:30
11,Victoria,22.2855,114.1577,85.32,84,84,5.01,HK,2022-07-14 20:47:18
12,Mount Isa,-20.7333,139.5,46.17,53,10,9.22,AU,2022-07-14 20:53:43
13,Luanda,-8.8368,13.2343,69.8,88,20,6.91,AO,2022-07-14 20:42:10
14,Rikitea,-23.1203,-134.9692,67.77,77,100,8.39,PF,2022-07-14 20:41:52
15,Los Llanos De Aridane,28.6585,-17.9182,67.75,89,0,16.11,ES,2022-07-14 20:53:44
16,Cayenne,4.9333,-52.3333,83.08,1,75,3.0,GF,2022-07-14 20:52:42
17,Bingol,38.8847,40.4939,65.55,71,0,9.04,TR,2022-07-14 20:53:44
18,Belokurikha,51.9959,84.9896,52.52,65,94,5.21,RU,2022-07-14 20:53:44
19,Daru,-9.0763,143.2092,75.34,78,99,17.31,PG,2022-07-14 20:53:15
20,Georgetown,5.4112,100.3354,80.53,92,20,0.0,MY,2022-07-14 20:48:11
21,Vardo,70.3705,31.1107,53.58,94,100,2.3,NO,2022-07-14 20:53:45
22,Ponta Do Sol,32.6667,-17.1,74.01,74,28,6.87,PT,2022-07-14 20:48:08
23,Okhotsk,59.3833,143.3,61.48,90,87,3.0,RU,2022-07-14 20:52:37
24,Ormara,25.2088,64.6357,81.59,78,100,19.64,PK,2022-07-14 20:53:46
25,Omsukchan,62.5333,155.8,65.8,55,98,7.11,RU,2022-07-14 20:53:46
26,Maragogi,-9.0122,-35.2225,74.44,82,6,8.46,BR,2022-07-14 20:52:57
27,Uruguaiana,-29.7547,-57.0883,65.53,97,96,14.32,BR,2022-07-14 20:53:47
28,Bethel,41.3712,-73.414,87.89,54,75,3.44,US,2022-07-14 20:46:55
29,Bairiki,1.3292,172.9752,82.4,83,40,10.36,KI,2022-07-14 20:53:47
30,La Asuncion,11.0333,-63.8628,87.53,62,3,16.11,VE,2022-07-14 20:53:47
31,Atbasar,51.8,68.3333,68.31,57,0,5.32,KZ,2022-07-14 20:53:48
32,Port Alfred,-33.5906,26.891,57.52,82,18,13.98,ZA,2022-07-14 20:52:37
33,Hilo,19.7297,-155.09,86.29,74,75,6.91,US,2022-07-14 20:44:18
34,Catamarca,-28.4696,-65.7852,72.59,26,0,3.0,AR,2022-07-14 20:51:39
35,Naze,28.3667,129.4833,79.72,90,94,9.33,JP,2022-07-14 20:46:47
36,Ribeira Grande,38.5167,-28.7,73.8,78,40,9.22,PT,2022-07-14 20:53:49
37,Komsomolskiy,40.4272,71.7189,75.92,38,0,6.91,UZ,2022-07-14 20:48:35
38,Tuktoyaktuk,69.4541,-133.0374,39.2,87,100,20.71,CA,2022-07-14 20:52:37
39,Kapaa,22.0752,-159.319,82.72,77,75,16.11,US,2022-07-14 20:43:52
40,Leningradskiy,69.3833,178.4167,36.59,74,8,10.56,RU,2022-07-14 20:43:58
41,Upernavik,72.7868,-56.1549,39.94,88,14,13.91,GL,2022-07-14 20:45:38
42,Namibe,-15.1961,12.1522,65.79,84,84,1.77,AO,2022-07-14 20:44:21
43,Pacific Grove,36.6177,-121.9166,81.39,81,40,12.66,US,2022-07-14 20:51:00
44,Turayf,31.6725,38.6637,82.65,39,0,9.22,SA,2022-07-14 20:53:50
45,Atuona,-9.8,-139.0333,77.81,68,9,15.19,PF,2022-07-14 20:41:54
46,Chiredzi,-21.05,31.6667,62.8,39,5,3.65,ZW,2022-07-14 20:53:50
47,Cabo San Lucas,22.8909,-109.9124,93.61,64,14,9.19,MX,2022-07-14 20:51:26
48,Albanel,48.8832,-72.4487,73.38,40,82,4.61,CA,2022-07-14 20:54:51
49,Mantua,45.1667,10.7833,85.24,55,24,3.0,IT,2022-07-14 20:54:51
50,Thompson,55.7435,-97.8558,71.76,83,75,2.3,CA,2022-07-14 20:42:16
51,Mataura,-46.1927,168.8643,37.47,99,100,2.8,NZ,2022-07-14 20:45:37
52,Richards Bay,-28.783,32.0377,64.08,72,15,6.4,ZA,2022-07-14 20:51:32
53,Talnakh,69.4865,88.3972,49.21,72,99,2.13,RU,2022-07-14 20:54:33
54,Mega,4.05,38.3,59.07,89,100,18.28,ET,2022-07-14 20:54:52
55,Alyangula,-13.8483,136.4192,67.86,64,14,14.2,AU,2022-07-14 20:54:52
56,Saint-Philippe,-21.3585,55.7679,66.22,82,76,9.17,RE,2022-07-14 20:43:34
57,Bredasdorp,-34.5322,20.0403,51.64,84,33,2.8,ZA,2022-07-14 20:44:27
58,Cidreira,-30.1811,-50.2056,60.46,97,100,14.67,BR,2022-07-14 20:48:42
59,Midland,31.9974,-102.0779,101.05,27,51,9.22,US,2022-07-14 20:54:08
60,Tuy Hoa,13.0833,109.3,77.63,89,98,6.42,VN,2022-07-14 20:54:53
61,Letlhakane,-21.4167,25.5833,56.17,33,2,8.08,BW,2022-07-14 20:54:53
62,Kavieng,-2.5744,150.7967,81.32,79,100,14.76,PG,2022-07-14 20:52:42
63,Olavarria,-36.8927,-60.3225,48.34,77,91,6.26,AR,2022-07-14 20:54:54
64,Mar Del Plata,-38.0023,-57.5575,54.09,96,100,13.0,AR,2022-07-14 20:41:55
65,Saraza,8.7356,117.78,79.27,86,98,4.12,PH,2022-07-14 20:54:54
66,Bluff,-46.6,168.3333,37.8,83,100,15.9,NZ,2022-07-14 20:43:32
67,College,64.8569,-147.8028,66.58,38,75,9.22,US,2022-07-14 20:45:58
68,Zvishavane,-20.3267,30.0665,57.9,41,2,1.41,ZW,2022-07-14 20:54:55
69,Povolzhskiy,53.5854,49.7629,69.42,96,100,5.82,RU,2022-07-14 20:54:55
70,Krasnoshchekovo,51.6708,82.7289,51.84,66,97,4.59,RU,2022-07-14 20:54:55
71,Batagay,67.6333,134.6333,66.78,58,60,1.95,RU,2022-07-14 20:48:35
72,Shu,43.5983,73.7614,73.22,23,0,10.45,KZ,2022-07-14 20:54:56
73,Jiuquan,39.7432,98.5174,67.35,62,100,14.94,CN,2022-07-14 20:54:56
74,Pionerskiy,54.9508,20.2275,59.76,72,100,21.18,RU,2022-07-14 20:54:56
75,Kaitangata,-46.2817,169.8464,39.13,96,100,7.25,NZ,2022-07-14 20:50:18
76,Jamestown,42.097,-79.2353,78.53,47,0,6.91,US,2022-07-14 20:43:35
77,Hobart,-42.8794,147.3294,44.06,97,40,5.75,AU,2022-07-14 20:45:27
78,Dikson,73.5069,80.5464,41.13,79,18,10.45,RU,2022-07-14 20:45:32
79,Qaanaaq,77.484,-69.3632,45.9,81,25,7.34,GL,2022-07-14 20:45:18
80,Kuala Terengganu,5.3302,103.1408,78.75,94,20,3.44,MY,2022-07-14 20:54:57
81,Laguna,38.421,-121.4238,98.08,36,0,4.61,US,2022-07-14 20:45:50
82,Lyngseidet,69.5763,20.2189,53.6,99,100,9.91,NO,2022-07-14 20:54:58
83,Yellowknife,62.456,-114.3525,68.56,48,75,13.8,CA,2022-07-14 20:46:55
84,Lagos,6.5833,3.75,75.78,88,100,5.7,NG,2022-07-14 20:50:15
85,Port Elizabeth,-33.918,25.5701,57.49,80,0,13.8,ZA,2022-07-14 20:45:29
86,Carnarvon,-24.8667,113.6333,66.54,82,37,11.25,AU,2022-07-14 20:46:46
87,Arraial Do Cabo,-22.9661,-42.0278,73.36,83,0,13.8,BR,2022-07-14 20:48:06
88,Longyearbyen,78.2186,15.6401,55.24,71,75,17.27,SJ,2022-07-14 20:52:34
89,Pevek,69.7008,170.3133,34.09,84,5,12.86,RU,2022-07-14 20:48:36
90,Asau,46.4333,26.4,65.32,67,72,5.44,RO,2022-07-14 20:51:23
91,Ancud,-41.8697,-73.8203,44.22,77,33,7.25,CL,2022-07-14 20:45:34
92,Leh,34.1667,77.5833,58.14,67,99,6.29,IN,2022-07-14 20:54:59
93,Chuy,-33.6971,-53.4616,55.63,97,72,10.42,UY,2022-07-14 20:48:39
94,Hobyo,5.3505,48.5268,77.63,82,100,24.47,SO,2022-07-14 20:55:00
95,Vaini,-21.2,-175.2,77.16,94,20,6.91,TO,2022-07-14 20:56:00
96,Moorhead,46.8739,-96.7676,77.99,71,40,4.61,US,2022-07-14 20:56:00
97,Rawson,-43.3002,-65.1023,44.91,68,100,16.4,AR,2022-07-14 20:48:43
98,Koraput,18.8167,82.7167,67.71,97,100,10.74,IN,2022-07-14 20:56:01
99,Berlevag,70.8578,29.0864,60.6,100,75,12.66,NO,2022-07-14 20:52:38
100,Hermanus,-34.4187,19.2345,50.81,83,12,4.0,ZA,2022-07-14 20:46:45
101,Clyde River,70.4692,-68.5914,48.43,71,0,6.91,CA,2022-07-14 20:50:20
102,Poso,-1.3959,120.7524,75.74,88,100,5.12,ID,2022-07-14 20:56:02
103,Puerto Ayora,-0.7393,-90.3518,76.96,89,69,8.99,EC,2022-07-14 20:48:42
104,Gainesville,29.6516,-82.3248,90.93,56,20,11.5,US,2022-07-14 20:52:21
105,Dullewala,31.8359,71.4362,85.5,57,99,11.97,PK,2022-07-14 20:56:02
106,Sao Miguel Do Araguaia,-13.275,-50.1628,85.24,30,46,5.53,BR,2022-07-14 20:56:03
107,San Ramon De La Nueva Oran,-23.1322,-64.326,72.43,37,4,3.76,AR,2022-07-14 20:56:03
108,Bonavista,48.6499,-53.1147,55.15,75,90,12.19,CA,2022-07-14 20:56:03
109,Tiksi,71.6872,128.8694,52.5,81,100,8.95,RU,2022-07-14 20:46:58
110,Castro,-24.7911,-50.0119,61.97,72,51,3.94,BR,2022-07-14 20:56:04
111,Itoman,26.1247,127.6694,82.42,94,77,4.61,JP,2022-07-14 20:56:04
112,Vestmannaeyjar,63.4427,-20.2734,51.17,76,21,9.26,IS,2022-07-14 20:47:04
113,Albany,42.6001,-73.9662,82.81,48,69,1.01,US,2022-07-14 20:47:02
114,Guarapari,-20.6667,-40.4975,68.9,86,3,7.18,BR,2022-07-14 20:51:17
115,Korla,41.7597,86.1469,72.54,46,48,2.93,CN,2022-07-14 20:56:05
116,Awjilah,29.1081,21.2869,78.49,44,0,18.32,LY,2022-07-14 20:55:40
117,Moron,-34.6534,-58.6198,57.09,80,97,5.21,AR,2022-07-14 20:56:05
118,Faya,18.3851,42.4509,69.91,52,99,4.7,SA,2022-07-14 20:56:06
119,Villa Union,23.2,-106.2333,88.92,75,68,9.62,MX,2022-07-14 20:56:06
120,Labuhan,-6.8844,112.2051,76.37,90,56,7.63,ID,2022-07-14 20:56:07
121,Husavik,66.0449,-17.3389,48.67,79,27,3.83,IS,2022-07-14 20:54:56
122,Monrovia,6.3005,-10.7969,78.57,85,100,10.92,LR,2022-07-14 20:56:07
123,Vila Velha,-20.3297,-40.2925,69.75,95,75,5.75,BR,2022-07-14 20:56:07
124,Dingle,10.9995,122.6711,75.34,91,75,1.03,PH,2022-07-14 20:48:06
125,Alice Springs,-23.7,133.8833,27.95,80,0,2.3,AU,2022-07-14 20:56:08
126,Matcha,54.6335,42.3501,58.96,97,100,10.11,RU,2022-07-14 20:56:08
127,Mahebourg,-20.4081,57.7,70.25,88,75,11.5,MU,2022-07-14 20:47:04
128,Nelson Bay,-32.7167,152.15,50.0,88,56,11.99,AU,2022-07-14 20:56:06
129,Bengkulu,-3.8004,102.2655,76.48,89,100,3.98,ID,2022-07-14 20:48:10
130,San Rafael Del Sur,11.8485,-86.4384,83.14,71,89,14.65,NI,2022-07-14 20:56:09
131,Maningrida,-12.0667,134.2667,55.53,91,13,10.36,AU,2022-07-14 20:56:10
132,Geraldton,-28.7667,114.6,54.01,87,75,4.61,AU,2022-07-14 20:55:05
133,Cabedelo,-6.9811,-34.8339,79.47,79,7,14.85,BR,2022-07-14 20:44:22
134,Ulaangom,49.9811,92.0667,50.05,67,18,4.36,MN,2022-07-14 20:56:10
135,Waingapu,-9.6567,120.2641,72.95,85,42,8.93,ID,2022-07-14 20:56:11
136,Mareeba,-17.0,145.4333,56.12,84,89,2.17,AU,2022-07-14 20:56:11
137,Pisco,-13.7,-76.2167,66.25,68,0,14.97,PE,2022-07-14 20:56:11
138,Souillac,-20.5167,57.5167,68.38,88,75,11.5,MU,2022-07-14 20:52:40
139,Kungurtug,50.5994,97.5228,47.7,97,100,2.37,RU,2022-07-14 20:57:12
140,Salalah,17.0151,54.0924,77.83,94,98,7.2,OM,2022-07-14 20:57:12
141,Bam,29.106,58.357,85.15,14,0,8.72,IR,2022-07-14 20:57:13
142,Puerto Narino,-3.7703,-70.3831,80.94,83,93,2.48,CO,2022-07-14 20:57:13
143,Rocha,-34.4833,-54.3333,55.89,97,73,9.17,UY,2022-07-14 20:57:14
144,Portland,45.5234,-122.6762,83.7,46,0,1.99,US,2022-07-14 20:56:11
145,Hithadhoo,-0.6,73.0833,83.25,75,100,14.05,MV,2022-07-14 20:52:43
146,Oksfjord,70.2396,22.3479,57.27,99,100,7.99,NO,2022-07-14 20:57:14
147,San Patricio,28.017,-97.5169,98.19,39,25,16.24,US,2022-07-14 20:57:15
148,Limbe,4.0242,9.2149,76.21,88,87,6.6,CM,2022-07-14 20:57:15
149,Touros,-5.1989,-35.4608,77.23,77,14,15.08,BR,2022-07-14 20:52:36
150,Tandil,-37.3217,-59.1332,50.68,84,100,7.36,AR,2022-07-14 20:57:15
151,Lugoba,-6.45,38.3333,70.61,71,98,2.44,TZ,2022-07-14 20:57:16
152,Boyolangu,-8.1181,111.8935,74.95,94,86,6.04,ID,2022-07-14 20:57:16
153,Brae,60.3964,-1.353,52.65,89,93,12.01,GB,2022-07-14 20:57:16
154,Lata,40.1629,-8.3327,78.08,44,97,3.22,PT,2022-07-14 20:57:17
155,Coronel Vivida,-25.9797,-52.5678,65.19,75,64,6.96,BR,2022-07-14 20:57:17
156,Kombissiri,12.0656,-1.3375,87.78,55,62,11.86,BF,2022-07-14 20:57:17
157,Norman Wells,65.282,-126.8329,51.84,76,100,14.97,CA,2022-07-14 20:57:18
158,Okhtyrka,50.3104,34.8988,58.73,91,0,7.29,UA,2022-07-14 20:57:18
159,Amnat Charoen,15.9167,104.75,75.61,93,100,6.24,TH,2022-07-14 20:57:18
160,Kasongo,-4.45,26.6667,81.12,36,98,2.3,CD,2022-07-14 20:57:19
161,Port Hedland,-20.3167,118.5667,51.85,87,53,6.91,AU,2022-07-14 20:57:19
162,New Norfolk,-42.7826,147.0587,43.72,90,90,2.06,AU,2022-07-14 20:55:47
163,Barrow,71.2906,-156.7887,37.53,69,7,7.87,US,2022-07-14 20:57:20
164,Coquimbo,-29.9533,-71.3436,53.33,100,100,13.8,CL,2022-07-14 20:57:20
165,Avarua,-21.2078,-159.775,75.25,64,100,10.36,CK,2022-07-14 20:57:20
166,Tasiilaq,65.6145,-37.6368,50.16,70,100,6.04,GL,2022-07-14 20:47:22
167,Dagua,3.6569,-76.6886,79.3,93,92,4.65,CO,2022-07-14 20:57:21
168,Khatanga,71.9667,102.5,44.1,86,100,2.98,RU,2022-07-14 20:57:21
169,Florence,43.7667,11.25,82.08,65,0,6.91,IT,2022-07-14 20:57:22
170,Chokurdakh,70.6333,147.9167,54.72,58,88,7.14,RU,2022-07-14 20:48:09
171,La Ronge,55.1001,-105.2842,77.25,25,75,14.97,CA,2022-07-14 20:57:22
172,Villazon,-22.0866,-65.5942,51.85,13,42,33.62,BO,2022-07-14 20:57:22
173,Cuencame,24.8711,-103.6964,87.96,25,79,14.52,MX,2022-07-14 20:57:23
174,Zeya,53.75,127.2667,65.89,83,90,3.42,RU,2022-07-14 20:57:23
175,Den Helder,52.9599,4.7593,60.78,73,40,7.0,NL,2022-07-14 20:57:23
176,Progreso,21.2833,-89.6667,89.55,54,100,15.86,MX,2022-07-14 20:50:18
177,Kruisfontein,-34.0033,24.7314,52.59,89,41,5.86,ZA,2022-07-14 20:57:24
178,Jega,12.2175,4.3792,87.8,52,62,2.68,NG,2022-07-14 20:57:24
179,Majene,-3.5403,118.9707,75.7,88,100,3.69,ID,2022-07-14 20:50:12
180,Beruwala,6.4788,79.9828,77.31,88,91,7.7,LK,2022-07-14 20:57:25
181,Nikolskoye,59.7035,30.7861,59.81,96,99,3.69,RU,2022-07-14 20:48:32
182,Stokmarknes,68.5646,14.9108,53.56,93,100,3.44,NO,2022-07-14 20:57:25
183,Severo-Kurilsk,50.6789,156.125,54.3,94,82,10.36,RU,2022-07-14 20:57:25
184,Matagami,49.7502,-77.6328,71.71,30,0,5.75,CA,2022-07-14 20:57:26
185,Mangrol,21.1167,70.1167,79.48,93,100,16.11,IN,2022-07-14 20:58:26
186,Cerkezkoy,41.285,28.0003,66.38,77,0,8.05,TR,2022-07-14 20:58:26
187,Ostrovnoy,68.0531,39.5131,59.29,90,100,11.86,RU,2022-07-14 20:48:06
188,Jacmel,18.2342,-72.5347,82.49,73,100,3.85,HT,2022-07-14 20:58:27
189,Tiznit,29.5833,-9.5,80.38,49,30,2.8,MA,2022-07-14 20:58:27
190,Klyuchi,52.2667,79.1667,62.67,61,78,5.32,RU,2022-07-14 20:58:28
191,Port Hardy,50.6996,-127.4199,59.18,88,100,3.44,CA,2022-07-14 20:48:40
192,Kerikeri,-35.2268,173.9474,49.91,96,100,3.67,NZ,2022-07-14 20:58:28
193,Lavrentiya,65.5833,-171.0,49.66,71,100,10.29,RU,2022-07-14 20:51:32
194,Esperance,-33.8667,121.9,57.65,83,9,20.22,AU,2022-07-14 20:58:29
195,Wilmington,34.2257,-77.9447,86.95,75,100,1.99,US,2022-07-14 20:57:42
196,Vagur,61.4732,-6.8119,50.4,85,99,15.82,FO,2022-07-14 20:58:29
197,Bani,18.2833,-70.3333,83.86,62,100,13.4,DO,2022-07-14 20:58:30
198,Kahului,20.8947,-156.47,82.42,73,20,23.02,US,2022-07-14 20:51:32
199,Praia Da Vitoria,38.7333,-27.0667,73.76,83,40,16.02,PT,2022-07-14 20:58:30
200,Bathsheba,13.2167,-59.5167,88.41,86,20,19.57,BB,2022-07-14 20:58:30
201,Ust-Maya,60.4167,134.5333,71.53,72,44,1.43,RU,2022-07-14 20:58:31
202,Tabou,4.423,-7.3528,75.61,80,91,8.66,CI,2022-07-14 20:58:31
203,Usinsk,65.9939,57.5281,71.58,60,79,10.47,RU,2022-07-14 20:58:31
204,Gat,31.61,34.7642,77.68,100,0,3.04,IL,2022-07-14 20:58:01
205,Pekan,3.4836,103.3996,77.11,90,100,4.56,MY,2022-07-14 20:58:32
206,Gao,16.6362,1.637,94.03,33,35,7.9,ML,2022-07-14 20:58:32
207,Maruko,36.3167,138.2667,71.92,98,99,3.24,JP,2022-07-14 20:58:33
208,East London,-33.0153,27.9116,59.86,69,3,12.8,ZA,2022-07-14 20:43:52
209,Riyadh,24.6877,46.7219,95.14,10,66,8.63,SA,2022-07-14 20:55:06
210,Torbay,47.6666,-52.7314,63.37,77,40,13.8,CA,2022-07-14 20:58:33
211,Peniche,39.3558,-9.3811,75.07,82,85,8.93,PT,2022-07-14 20:58:34
212,Araouane,18.9048,-3.5265,100.74,19,44,9.69,ML,2022-07-14 20:58:34
213,Cervo,43.6702,-7.4101,71.96,93,100,6.73,ES,2022-07-14 20:58:34
214,Gympie,-26.1898,152.665,46.22,88,0,3.0,AU,2022-07-14 20:58:35
215,Madhogarh,26.276,79.1869,90.88,50,68,14.2,IN,2022-07-14 20:58:35
216,Oussouye,12.485,-16.5469,77.18,83,100,4.7,SN,2022-07-14 20:58:35
217,Nanortalik,60.1432,-45.2371,46.94,77,100,3.02,GL,2022-07-14 20:58:36
218,Egvekinot,66.3167,-179.1667,46.4,59,100,5.7,RU,2022-07-14 20:57:00
219,Katsuura,35.1333,140.3,75.52,93,78,5.55,JP,2022-07-14 20:58:36
220,Sola,-13.8833,167.55,79.79,71,50,2.93,VU,2022-07-14 20:58:36
221,Diamantino,-14.4086,-56.4461,88.23,25,46,5.84,BR,2022-07-14 20:58:37
222,Mahanoro,-19.9,48.8,64.04,89,14,5.01,MG,2022-07-14 20:58:37
223,Dania Beach,26.0523,-80.1439,93.99,61,2,4.0,US,2022-07-14 20:58:38
224,Kodiak,57.79,-152.4072,58.51,77,100,3.44,US,2022-07-14 20:48:37
225,Vallenar,-28.5708,-70.7581,54.09,63,98,12.77,CL,2022-07-14 20:58:38
226,Mirnyy,62.5353,113.9611,60.24,67,45,7.0,RU,2022-07-14 20:57:13
227,Celestun,20.8667,-90.4,90.41,55,100,7.81,MX,2022-07-14 20:58:38
228,Lasa,46.6166,10.7002,67.3,73,27,3.04,IT,2022-07-14 20:56:59
229,Janauba,-15.8025,-43.3089,76.48,46,22,13.78,BR,2022-07-14 20:59:39
230,Puteyets,65.1716,57.091,67.48,87,99,5.5,RU,2022-07-14 20:59:39
231,Saldanha,-33.0117,17.9442,50.05,86,0,10.8,ZA,2022-07-14 20:59:39
232,Moshny,49.5147,31.7476,63.1,76,0,6.76,UA,2022-07-14 20:59:40
233,Verkhoyansk,67.5447,133.385,67.87,58,48,2.17,RU,2022-07-14 20:59:40
234,Calderitas,18.55,-88.25,89.71,66,100,17.27,MX,2022-07-14 20:59:41
235,Yangambi,0.8102,24.4336,69.51,95,100,2.62,CD,2022-07-14 20:59:41
236,Ballina,-28.8667,153.5667,47.79,85,90,11.54,AU,2022-07-14 20:59:41
237,Esfahan,32.6572,51.6776,73.04,16,0,4.59,IR,2022-07-14 20:59:42
238,Klang,3.0333,101.45,80.74,89,20,3.44,MY,2022-07-14 20:59:42
239,Safaga,26.7292,33.9365,88.14,32,3,12.3,EG,2022-07-14 20:59:42
240,Jinka,5.65,36.65,68.43,55,100,1.68,ET,2022-07-14 20:59:43
241,Pangnirtung,66.1451,-65.7125,50.0,81,20,11.5,CA,2022-07-14 20:59:43
242,Sovetskiy,61.3614,63.5842,68.41,73,14,5.41,RU,2022-07-14 20:59:43
243,Nioro,13.35,-15.75,82.72,75,100,10.98,GM,2022-07-14 20:59:44
244,Zemio,5.0314,25.1361,68.36,95,100,1.21,CF,2022-07-14 20:59:44
245,Akhmeta,42.0311,45.2075,66.72,77,3,6.8,GE,2022-07-14 20:59:44
246,Saint George,37.1041,-113.5841,105.64,19,80,7.0,US,2022-07-14 20:58:33
247,Lebu,-37.6167,-73.65,44.46,83,100,7.7,CL,2022-07-14 20:50:19
248,Narsaq,60.9167,-46.05,52.32,60,100,6.78,GL,2022-07-14 20:59:45
249,Tautira,-17.7333,-149.15,75.43,67,80,22.86,PF,2022-07-14 20:59:45
250,Alofi,-19.0595,-169.9187,76.89,78,75,16.11,NU,2022-07-14 20:59:46
251,Muzhi,65.3667,64.6667,62.64,86,33,4.97,RU,2022-07-14 20:59:46
252,Karasjok,69.4719,25.5112,59.76,97,100,16.49,NO,2022-07-14 20:59:46
253,Sampit,-2.5333,112.95,71.17,96,77,2.44,ID,2022-07-14 20:56:26
254,Luchegorsk,46.4764,134.2569,63.88,96,67,6.76,RU,2022-07-14 20:59:47
255,Sitka,57.0531,-135.33,62.49,55,75,12.66,US,2022-07-14 20:50:11
256,Teya,60.3778,92.6267,47.64,86,100,3.11,RU,2022-07-14 20:59:47
257,Requena,39.4883,-1.1004,70.79,53,0,4.83,ES,2022-07-14 20:59:48
258,Nata,8.3333,-80.5167,85.87,74,100,2.26,PA,2022-07-14 20:59:48
259,Sisimiut,66.9395,-53.6735,50.45,59,2,16.64,GL,2022-07-14 20:59:48
260,Abu Samrah,35.3029,37.1841,77.25,48,0,11.21,SY,2022-07-14 20:59:49
261,Havre-Saint-Pierre,50.2334,-63.5986,68.36,56,0,11.5,CA,2022-07-14 20:59:49
262,Ternate,0.8,127.4,79.25,80,100,1.23,ID,2022-07-14 20:59:49
263,Mackay,-21.15,149.2,50.68,67,59,12.17,AU,2022-07-14 20:59:50
264,Malinovoye Ozero,51.6753,79.7825,59.74,53,15,7.09,RU,2022-07-14 20:59:50
265,Bandarbeyla,9.4942,50.8122,78.1,81,99,31.63,SO,2022-07-14 20:59:50
266,Binningen,47.5402,7.5693,80.19,39,0,14.97,CH,2022-07-14 20:59:51
267,Klaksvik,62.2266,-6.589,49.12,82,85,12.39,FO,2022-07-14 20:59:51
268,Kushmurun,52.4503,64.6311,71.65,60,17,4.92,KZ,2022-07-14 20:59:51
269,Manzanillo,20.3433,-77.1167,87.4,55,33,5.35,CU,2022-07-14 20:59:52
270,Sinop,41.7711,34.8709,57.76,92,10,3.33,TR,2022-07-14 20:59:50
271,Maceio,-9.6658,-35.7353,76.44,73,20,6.91,BR,2022-07-14 20:59:52
272,Port Dover,42.7834,-80.1997,79.41,67,1,8.05,CA,2022-07-14 20:59:52
273,Punjai Puliyampatti,11.35,77.2,74.16,73,54,5.66,IN,2022-07-14 21:00:53
274,Takoradi,4.8845,-1.7554,75.38,88,51,9.33,GH,2022-07-14 21:00:53
275,Kadipaten,-8.1357,113.2158,74.28,94,66,1.79,ID,2022-07-14 21:00:54
276,Flin Flon,54.7682,-101.865,80.2,24,2,13.44,CA,2022-07-14 21:00:54
277,Phalaborwa,-23.943,31.1411,65.57,38,0,13.67,ZA,2022-07-14 21:00:54
278,Ornskoldsvik,63.2909,18.7153,54.55,87,75,14.97,SE,2022-07-14 21:00:55
279,Huilong,31.8111,121.655,83.14,79,100,1.97,CN,2022-07-14 21:00:55
280,Kirksville,40.1948,-92.5833,92.05,52,13,1.01,US,2022-07-14 20:57:28
281,Lompoc,34.6391,-120.4579,91.02,71,75,10.36,US,2022-07-14 21:00:56
282,Corner Brook,48.9667,-57.9484,66.49,49,6,4.99,CA,2022-07-14 21:00:56
283,Sao Goncalo Do Amarante,-3.6072,-38.9683,80.13,78,22,7.07,BR,2022-07-14 21:00:57
284,Marsh Harbour,26.5412,-77.0636,83.64,62,7,11.9,BS,2022-07-14 21:00:57
285,The Valley,18.217,-63.0578,83.82,81,30,22.48,AI,2022-07-14 21:00:57
286,Huntingdon,52.3305,-0.1865,65.86,73,75,5.53,GB,2022-07-14 20:56:07
287,Yulara,-25.2406,130.9889,41.92,48,0,7.76,AU,2022-07-14 20:56:36
288,Makat,47.6469,53.3463,91.09,16,81,14.9,KZ,2022-07-14 21:00:58
289,Bambous Virieux,-20.3428,57.7575,70.21,88,75,11.5,MU,2022-07-14 20:59:28
290,Svetlyy,54.675,20.1347,59.97,81,100,14.88,RU,2022-07-14 21:00:58
291,Galveston,29.3669,-94.9669,92.05,67,75,8.05,US,2022-07-14 21:00:59
292,Chenghai,23.4632,116.768,81.7,81,99,5.32,CN,2022-07-14 21:00:59
293,Roseburg,43.2165,-123.3417,81.75,46,0,1.99,US,2022-07-14 20:57:10
294,Tuatapere,-46.1333,167.6833,41.18,95,100,5.79,NZ,2022-07-14 20:47:23
295,Ulladulla,-35.35,150.4667,43.3,79,1,5.79,AU,2022-07-14 21:01:00
296,Antofagasta,-23.65,-70.4,60.08,73,51,5.82,CL,2022-07-14 20:51:30
297,Hamilton,39.1834,-84.5333,87.66,45,24,3.0,US,2022-07-14 20:59:45
298,Kota Kinabalu,5.9749,116.0724,78.78,78,20,2.3,MY,2022-07-14 21:01:01
299,Svetlaya,46.5389,138.3297,58.35,98,100,13.49,RU,2022-07-14 21:01:01
300,Vao,-22.6667,167.4833,71.17,55,40,23.8,NC,2022-07-14 20:58:14
301,Shirpur,21.35,74.8833,77.23,92,100,6.91,IN,2022-07-14 21:01:02
302,Tessalit,20.1986,1.0114,97.14,26,5,14.63,ML,2022-07-14 21:01:02
303,Korcula,42.9622,17.1369,75.99,69,24,2.89,HR,2022-07-14 21:01:03
304,Sao Joao Da Barra,-21.6403,-41.0511,71.6,87,3,12.71,BR,2022-07-14 21:01:03
305,Letterkenny,54.95,-7.7333,58.93,91,100,7.27,IE,2022-07-14 20:57:00
306,Tual,-5.6667,132.75,78.98,79,99,22.86,ID,2022-07-14 21:01:04
307,Ilhabela,-23.7781,-45.3581,69.55,94,36,9.53,BR,2022-07-14 21:01:04
308,Havoysund,70.9963,24.6622,53.83,99,100,10.96,NO,2022-07-14 21:01:05
309,Pokhara,28.2333,83.9833,74.79,73,100,2.15,NP,2022-07-14 21:00:30
310,Bilma,18.6853,12.9164,93.49,18,9,7.61,NE,2022-07-14 21:01:05
311,Saint Anthony,45.0205,-93.218,87.78,58,0,10.36,US,2022-07-14 21:00:45
312,Santa Cruz De La Palma,28.6835,-17.7642,71.74,73,0,16.11,ES,2022-07-14 21:01:06
313,Yatou,37.15,122.3833,72.88,93,51,2.3,CN,2022-07-14 21:01:06
314,Te Anau,-45.4167,167.7167,34.36,95,86,0.18,NZ,2022-07-14 20:49:46
315,Hambantota,6.1241,81.1185,79.02,78,76,17.45,LK,2022-07-14 21:01:07
316,Haifa,32.8156,34.9892,78.17,79,0,6.87,IL,2022-07-14 21:01:07
317,Padang,-0.9492,100.3543,76.71,85,100,5.32,ID,2022-07-14 21:01:08
318,Sieradz,51.5958,18.7302,68.45,58,100,5.46,PL,2022-07-14 21:01:08
319,Loei,17.4167,101.5,64.89,96,100,2.53,TH,2022-07-14 21:01:09
320,Broken Hill,-31.95,141.4333,40.06,79,0,5.79,AU,2022-07-14 21:01:09
321,Puerto Del Rosario,28.5004,-13.8627,74.95,69,20,16.11,ES,2022-07-14 21:01:09
322,Jaciara,-15.9653,-54.9683,84.2,25,100,4.47,BR,2022-07-14 21:02:08
323,Siguiri,11.6667,-9.5,77.83,81,91,6.04,GN,2022-07-14 21:02:10
324,Namatanai,-3.6667,152.4333,79.47,81,93,7.05,PG,2022-07-14 21:02:10
325,Chara,56.9064,118.2631,65.1,82,100,0.72,RU,2022-07-14 21:02:11
326,Gizo,-8.103,156.8419,81.43,73,29,8.57,SB,2022-07-14 21:02:11
327,Pangai,-19.8,-174.35,78.71,74,76,17.76,TO,2022-07-14 21:02:11
328,Pochutla,15.7432,-96.4661,83.82,63,99,10.98,MX,2022-07-14 21:02:12
329,Wattegama,6.7989,81.4808,76.5,68,90,8.19,LK,2022-07-14 21:02:12
330,Saint-Raymond,45.467,-73.6095,76.23,57,75,12.66,CA,2022-07-14 20:58:14
331,Digras,20.1167,77.7167,75.18,90,100,12.66,IN,2022-07-14 21:02:13
332,Isangel,-19.55,169.2667,76.17,81,11,5.53,VU,2022-07-14 21:02:14
333,Pangkalanbuun,-2.6833,111.6167,74.5,93,100,2.82,ID,2022-07-14 21:02:14
334,Zabol,32.25,67.25,74.71,51,3,10.71,AF,2022-07-14 21:02:14
335,Aklavik,68.2191,-135.0107,44.6,70,100,13.8,CA,2022-07-14 21:00:36
336,Ambulu,-8.345,113.6058,74.48,89,79,4.5,ID,2022-07-14 21:02:15
337,Zhuanghe,39.7008,122.9911,69.26,79,1,4.68,CN,2022-07-14 21:02:15
338,Quatre Cocos,-20.2078,57.7625,70.09,75,59,12.53,MU,2022-07-14 21:02:16
339,Shimanovsk,52.0,127.7,68.9,78,82,4.68,RU,2022-07-14 21:02:16
340,Margate,51.3813,1.3862,62.91,76,74,1.99,GB,2022-07-14 21:02:16
341,Pombia,45.653,8.6336,85.26,60,0,3.44,IT,2022-07-14 21:02:17
342,Vostok,46.4856,135.8833,61.36,85,96,6.76,RU,2022-07-14 21:02:17
343,Adrar,20.5022,-10.0711,98.6,20,23,9.91,MR,2022-07-14 21:02:17
344,Provideniya,64.3833,-173.3,55.51,62,0,13.42,RU,2022-07-14 21:02:18
345,Maldonado,-34.6667,-54.9167,60.22,93,67,8.84,UY,2022-07-14 20:58:26
346,Mastacani,45.7833,28.0333,73.24,42,84,3.18,RO,2022-07-14 21:02:18
347,San Juan,-31.5375,-68.5364,52.99,36,71,17.85,AR,2022-07-14 21:02:19
348,Briancon,44.9,6.65,68.5,61,8,4.5,FR,2022-07-14 21:02:19
349,Ponta Delgada,37.7333,-25.6667,70.52,94,75,11.5,PT,2022-07-14 21:02:19
350,Cherskiy,68.75,161.3,47.52,55,100,1.03,RU,2022-07-14 20:52:35
351,Coachella,33.6803,-116.1739,105.75,13,0,11.5,US,2022-07-14 21:02:20
352,Mogadishu,2.0371,45.3438,76.95,83,27,14.09,SO,2022-07-14 21:02:20
353,Shimoda,34.6667,138.95,74.1,90,70,4.03,JP,2022-07-14 21:02:20
354,Kyra,49.5776,111.9753,55.62,87,16,1.12,RU,2022-07-14 21:02:21
355,Sargur,11.9833,76.4167,68.11,81,68,15.52,IN,2022-07-14 21:02:21
356,Ambovombe,-25.1667,46.0833,65.07,87,0,3.38,MG,2022-07-14 20:58:47
357,Iskateley,67.6803,53.1512,70.39,69,81,5.61,RU,2022-07-14 21:02:21
358,Tucuman,-26.8241,-65.2226,75.87,18,0,6.49,AR,2022-07-14 21:00:17
359,Olafsvik,64.8945,-23.7142,50.67,73,84,2.01,IS,2022-07-14 21:02:22
360,Yerbogachen,61.2767,108.0108,51.6,97,100,3.13,RU,2022-07-14 21:02:22
361,Jumla,29.2747,82.1838,62.08,91,100,2.1,NP,2022-07-14 21:02:23
362,Esmeralda,21.8525,-78.1169,86.14,57,14,11.74,CU,2022-07-14 21:02:23
363,Asosa,10.0667,34.5333,58.32,94,99,2.62,ET,2022-07-14 21:02:23
364,Cruzilia,-21.8386,-44.8083,61.95,56,14,4.74,BR,2022-07-14 21:02:24
365,Atikokan,48.7555,-91.6216,78.85,30,95,6.38,CA,2022-07-14 21:02:24
366,Acapulco,16.8634,-99.8901,85.39,71,97,7.0,MX,2022-07-14 20:58:58
367,Marystown,47.1666,-55.1483,65.1,65,100,6.06,CA,2022-07-14 21:03:24
368,Krasnyy Chikoy,50.3643,108.7512,57.81,97,93,2.39,RU,2022-07-14 21:03:25
369,Tommot,58.9564,126.2925,65.89,88,98,1.61,RU,2022-07-14 21:03:25
370,Strezhevoy,60.7333,77.5889,50.22,76,22,3.83,RU,2022-07-14 21:03:26
371,Pocone,-16.2567,-56.6228,87.51,26,85,4.21,BR,2022-07-14 21:02:58
372,La Palma,33.8464,-118.0467,94.19,66,40,10.36,US,2022-07-14 21:03:26
373,Paita,-5.0892,-81.1144,68.67,68,10,19.33,PE,2022-07-14 21:03:26
374,Boca Do Acre,-8.7522,-67.3978,88.56,53,22,2.62,BR,2022-07-14 21:03:27
375,Fairbanks,64.8378,-147.7164,67.6,39,70,1.01,US,2022-07-14 20:58:42
376,Port Lincoln,-34.7333,135.8667,49.24,66,58,12.75,AU,2022-07-14 21:00:30
377,Airai,-8.9266,125.4092,53.85,88,22,3.96,TL,2022-07-14 21:03:27
378,Qianan,44.9932,124.0581,65.14,97,99,9.86,CN,2022-07-14 21:03:27
379,Moussoro,13.6408,16.4901,86.13,45,96,8.99,TD,2022-07-14 21:03:28
380,San Quintin,30.4833,-115.95,73.08,66,0,14.05,MX,2022-07-14 21:03:28
381,Mombetsu,44.3525,143.3525,62.06,90,74,9.78,JP,2022-07-14 21:03:28
382,Taltal,-25.4,-70.4833,57.07,66,88,6.29,CL,2022-07-14 21:03:29
383,Abonnema,4.7084,6.7931,75.51,87,78,5.97,NG,2022-07-14 21:03:29
384,Constantine,36.365,6.6147,76.41,43,0,2.3,DZ,2022-07-14 21:03:29
385,Mawana,29.1,77.9167,82.49,71,68,6.46,IN,2022-07-14 21:03:30
386,Saint-Ambroise,48.5501,-71.3324,71.85,44,90,5.12,CA,2022-07-14 21:03:30
387,Cairns,-16.9167,145.7667,60.75,51,75,10.36,AU,2022-07-14 21:03:30
388,Kampene,-3.6,26.6667,74.37,65,77,0.54,CD,2022-07-14 21:03:31
389,Port Macquarie,-31.4333,152.9167,48.88,79,70,12.64,AU,2022-07-14 21:03:31
390,Peleduy,59.6289,112.7406,60.08,98,99,3.44,RU,2022-07-14 21:03:31
391,Opuwo,-18.0607,13.84,61.02,32,0,8.37,NA,2022-07-14 21:01:07
392,Chifeng,42.2683,118.9636,67.78,51,2,6.82,CN,2022-07-14 21:03:32
393,Moengo,5.6167,-54.4,78.22,96,97,2.62,SR,2022-07-14 21:03:32
394,Danville,36.586,-79.395,88.03,28,79,4.59,US,2022-07-14 21:01:42
395,Fortuna,40.5982,-124.1573,64.85,86,75,8.19,US,2022-07-14 21:03:33
396,Grand Gaube,-20.0064,57.6608,70.38,73,20,3.0,MU,2022-07-14 21:03:33
397,Dickinson,29.4608,-95.0513,96.13,65,40,19.57,US,2022-07-14 21:03:33
398,Poum,-20.2333,164.0167,71.11,56,7,19.51,NC,2022-07-14 21:03:34
399,Newport,51.5877,-2.9984,64.81,64,39,8.08,GB,2022-07-14 21:02:07
400,Arman,59.7,150.1667,69.24,69,92,2.15,RU,2022-07-14 21:03:34
401,Mountain Home,43.133,-115.6912,96.98,17,0,5.68,US,2022-07-14 21:01:55
402,Pilar,-9.5972,-35.9567,75.13,91,6,4.79,BR,2022-07-14 21:00:07
403,Kathu,7.9178,98.3332,83.7,99,67,16.37,TH,2022-07-14 21:03:35
404,Saint-Augustin,51.226,-58.6502,70.07,43,74,7.99,CA,2022-07-14 21:03:35
405,Nishihara,26.1842,127.7558,84.25,89,75,9.22,JP,2022-07-14 21:03:35
406,Purwodadi,-7.0868,110.9158,73.62,94,43,4.36,ID,2022-07-14 21:02:33
407,Westport,41.1415,-73.3579,89.1,59,65,4.0,US,2022-07-14 21:01:29
408,Tefe,-3.3542,-64.7114,84.31,74,20,3.44,BR,2022-07-14 21:03:36
409,Sur,22.5667,59.5289,89.89,60,83,4.94,OM,2022-07-14 21:01:02
410,Singkawang,0.9,109.0,75.81,88,100,2.13,ID,2022-07-14 21:03:36
411,Gazanjyk,39.2446,55.5154,85.77,18,0,5.01,TM,2022-07-14 21:03:37
412,Campbell River,50.0163,-125.2446,70.59,57,100,5.08,CA,2022-07-14 21:00:33
413,Khasan,42.4308,130.6434,64.83,97,100,6.71,RU,2022-07-14 21:03:37
414,Itaituba,-4.2761,-55.9836,82.33,62,95,2.46,BR,2022-07-14 21:02:36
415,Mecca,21.4267,39.8261,90.39,30,98,4.59,SA,2022-07-14 21:03:38
416,Pagsangahan,13.2158,122.5431,82.92,76,46,5.3,PH,2022-07-14 21:04:38
417,Oranjemund,-28.55,16.4333,56.43,78,0,9.66,NA,2022-07-14 21:04:38
418,Borgo San Lorenzo,43.9553,11.3835,78.8,69,13,2.91,IT,2022-07-14 21:04:39
419,Kariba,-16.5167,28.8,62.33,52,7,2.82,ZW,2022-07-14 21:04:39
420,Barra Da Estiva,-13.6261,-41.3269,66.31,66,83,6.42,BR,2022-07-14 21:04:39
421,Chernaya Kholunitsa,58.8511,51.7154,63.18,96,100,4.61,RU,2022-07-14 21:04:40
422,Hasaki,35.7333,140.8333,73.8,90,100,8.32,JP,2022-07-14 21:04:40
423,Haines Junction,60.7522,-137.5108,64.98,46,97,4.07,CA,2022-07-14 21:00:40
424,Pitimbu,-7.4706,-34.8086,77.59,78,6,13.51,BR,2022-07-14 21:04:41
425,Aswan,24.0934,32.907,86.29,20,12,12.91,EG,2022-07-14 21:04:41
426,Whitehorse,60.7161,-135.0538,55.09,89,100,4.0,CA,2022-07-14 21:04:26
427,Esmeraldas,-19.7625,-44.3139,68.32,40,43,7.56,BR,2022-07-14 21:01:46
428,Necochea,-38.5473,-58.7368,50.79,89,100,15.03,AR,2022-07-14 21:04:42
429,Camocim,-2.9022,-40.8411,80.94,74,43,15.39,BR,2022-07-14 21:04:42
430,Astana,51.1801,71.446,64.35,63,0,6.71,KZ,2022-07-14 21:04:42
431,Kawalu,-7.3817,108.2082,72.79,98,100,1.1,ID,2022-07-14 21:04:43
432,Ahipara,-35.1667,173.1667,55.76,83,100,7.14,NZ,2022-07-14 21:04:43
433,Sangar,63.9242,127.4739,62.96,92,97,1.95,RU,2022-07-14 21:04:43
434,Santa Vitoria Do Palmar,-33.5189,-53.3681,57.09,95,74,9.66,BR,2022-07-14 21:04:34
435,Portel,-1.9356,-50.8211,79.09,84,92,0.81,BR,2022-07-14 21:04:44
436,Dera Bugti,29.0307,69.151,82.87,68,96,5.64,PK,2022-07-14 21:04:44
437,Zverinogolovskoye,54.4586,64.8542,68.0,89,16,4.81,RU,2022-07-14 21:04:45
438,Bosaso,11.2842,49.1816,93.45,39,66,22.86,SO,2022-07-14 21:04:45
439,Pathein,16.7833,94.7333,76.1,95,100,4.76,MM,2022-07-14 21:04:45
440,Port-Gentil,-0.7193,8.7815,75.16,83,40,8.05,GA,2022-07-14 21:04:46
441,Iqaluit,63.7506,-68.5145,41.22,81,95,6.98,CA,2022-07-14 21:04:46
442,Kijang,35.2442,129.2139,74.93,91,77,4.85,KR,2022-07-14 21:04:46
443,Altamont,42.2068,-121.7372,90.39,27,0,6.91,US,2022-07-14 21:01:42
444,Port Blair,11.6667,92.75,80.74,85,100,17.16,IN,2022-07-14 21:04:47
445,Gimli,50.6336,-96.9907,68.45,88,100,11.32,CA,2022-07-14 21:04:47
446,Kulhudhuffushi,6.6221,73.07,82.02,80,88,17.83,MV,2022-07-14 21:04:48
447,Roros,62.5747,11.3842,42.64,81,75,12.66,NO,2022-07-14 21:04:48
448,Varhaug,58.6147,5.6457,53.15,72,66,23.33,NO,2022-07-14 21:04:48
449,Karratha,-20.7377,116.8463,61.88,54,39,9.51,AU,2022-07-14 21:04:49
450,Leshukonskoye,64.8989,45.7622,61.88,91,86,3.85,RU,2022-07-14 21:04:49
451,Kaeo,-35.1,173.7833,50.32,96,100,3.78,NZ,2022-07-14 21:00:11
452,Unai,-16.3575,-46.9061,74.53,38,9,3.71,BR,2022-07-14 21:04:49
453,Stromness,58.965,-3.296,53.56,86,10,11.01,GB,2022-07-14 21:04:50
454,Henties Bay,-22.116,14.2845,58.33,73,0,7.38,NA,2022-07-14 21:04:50
455,Fuxin,42.0156,121.6589,68.27,74,0,5.88,CN,2022-07-14 21:00:35
456,Sao Filipe,14.8961,-24.4956,75.36,76,8,11.88,CV,2022-07-14 21:04:51
457,Qaqortoq,60.7167,-46.0333,51.4,65,100,5.17,GL,2022-07-14 21:04:51
458,Gidole,5.65,37.3667,61.97,54,100,1.77,ET,2022-07-14 21:04:51
459,Mehamn,71.0357,27.8492,53.55,100,75,5.75,NO,2022-07-14 21:04:52
460,Tsiroanomandidy,-18.7667,46.0333,56.44,63,0,2.44,MG,2022-07-14 21:04:52
461,Svetlogorsk,52.6333,29.7333,54.37,91,1,6.67,BY,2022-07-14 21:04:52
462,Jalu,29.0331,21.5482,79.16,41,0,17.18,LY,2022-07-14 21:05:53
463,Formosa,-26.1775,-58.1781,85.05,35,99,9.62,AR,2022-07-14 21:01:19
464,Kirkenes,69.7271,30.0458,61.75,100,75,9.22,NO,2022-07-14 21:05:53
465,Nyrob,60.733,56.7202,65.16,99,100,4.85,RU,2022-07-14 21:05:53
466,Zhigansk,66.7697,123.3711,53.64,88,99,16.78,RU,2022-07-14 21:05:54
467,Byron Bay,-28.65,153.6167,47.71,82,92,12.8,AU,2022-07-14 21:04:38
468,Balezino,57.9796,53.0106,65.26,97,100,6.69,RU,2022-07-14 21:05:54
469,Matara,5.9485,80.5353,75.45,93,71,9.28,LK,2022-07-14 21:05:55
470,Shingu,33.7333,135.9833,74.44,95,92,1.61,JP,2022-07-14 21:04:48
471,Hami,42.8,93.45,75.67,22,5,9.93,CN,2022-07-14 21:05:55
472,Kirakira,-10.4544,161.9205,79.81,78,7,4.94,SB,2022-07-14 21:05:55
473,Vanavara,60.34,102.2797,48.25,94,40,1.19,RU,2022-07-14 21:05:56
474,Olonets,60.9847,32.9698,56.39,89,69,6.82,RU,2022-07-14 21:05:56
475,Eureka,40.8021,-124.1637,77.67,77,66,5.99,US,2022-07-14 21:05:56
476,Bor,56.3567,44.0669,60.73,97,99,5.79,RU,2022-07-14 21:05:57
477,Bardsir,29.9227,56.5743,67.95,21,0,3.8,IR,2022-07-14 21:05:57
478,Chikhli,20.35,76.25,73.02,93,100,8.1,IN,2022-07-14 21:05:57
479,Mazagao,-0.115,-51.2894,79.12,86,81,4.21,BR,2022-07-14 21:05:58
480,Deputatskiy,69.3,139.9,55.62,67,63,3.67,RU,2022-07-14 21:05:58
481,Luderitz,-26.6481,15.1594,64.74,41,0,8.21,NA,2022-07-14 21:05:58
482,North Bend,43.4065,-124.2243,74.25,76,0,16.11,US,2022-07-14 21:05:59
483,Port Keats,-14.25,129.55,57.16,51,15,9.1,AU,2022-07-14 21:05:59
484,Wuwei,37.9281,102.6414,71.58,62,100,11.72,CN,2022-07-14 21:05:59
485,Davila,18.4726,120.5763,81.66,78,99,7.43,PH,2022-07-14 21:06:00
486,Taoudenni,22.6783,-3.9836,104.11,7,27,16.08,ML,2022-07-14 21:06:00
487,Northam,51.0333,-4.2167,61.61,75,1,9.08,GB,2022-07-14 21:06:01
488,Chegdomyn,51.1167,133.0167,63.57,90,7,1.07,RU,2022-07-14 21:06:01
489,Vozhega,60.4725,40.2213,60.1,81,70,4.59,RU,2022-07-14 21:06:02
490,Mandiana,10.6333,-8.6833,75.81,87,100,3.91,GN,2022-07-14 21:06:02
491,Ranfurly,-45.1333,170.1,32.77,90,98,4.05,NZ,2022-07-14 21:06:03
492,Lorengau,-2.0226,147.2712,80.42,78,100,4.12,PG,2022-07-14 21:01:19
493,Najran,17.4924,44.1277,86.68,24,95,5.12,SA,2022-07-14 21:06:03
494,Badou,7.5833,0.6,73.33,91,99,1.25,TG,2022-07-14 21:06:03
495,Zhireken,52.8249,117.3076,58.01,99,100,3.36,RU,2022-07-14 21:06:04
496,Porto Seguro,-16.4497,-39.0647,73.92,83,40,4.61,BR,2022-07-14 21:06:04
497,Jinchang,38.4953,102.1739,70.14,65,100,11.65,CN,2022-07-14 21:06:05
498,Islamkot,24.6997,70.177,85.06,75,100,9.4,PK,2022-07-14 21:06:05
499,Inverness,57.4791,-4.224,58.91,76,75,11.5,GB,2022-07-14 21:06:05
500,Taitung,22.7583,121.1444,81.32,82,100,5.23,TW,2022-07-14 21:01:55
501,Coihaique,-45.5752,-72.0662,34.41,80,100,3.44,CL,2022-07-14 21:06:06
502,Rio Gallegos,-51.6226,-69.2181,28.45,100,40,4.61,AR,2022-07-14 21:06:02
503,Kavaratti,10.5669,72.642,82.2,77,79,22.37,IN,2022-07-14 21:06:06
504,Santa Isabel Do Rio Negro,-0.4139,-65.0192,85.75,64,100,2.59,BR,2022-07-14 21:06:07
505,Xichang,27.8964,102.2634,66.58,87,70,1.01,CN,2022-07-14 21:06:07
506,Kalevala,65.2,31.1667,58.37,78,48,5.21,RU,2022-07-14 21:07:08
507,Bowen,-20.0167,148.2333,50.88,57,7,8.5,AU,2022-07-14 21:07:08
508,Cicero Dantas,-10.6,-38.3833,69.31,73,69,8.08,BR,2022-07-14 21:07:08
509,Hailin,44.5833,129.4167,63.93,98,100,6.04,CN,2022-07-14 21:07:09
510,Gornozavodsk,58.3758,58.3211,61.9,98,85,2.3,RU,2022-07-14 21:07:09
511,Buraydah,26.326,43.975,90.1,14,3,8.48,SA,2022-07-14 21:07:09
512,Ukiah,39.1502,-123.2078,97.43,36,0,7.0,US,2022-07-14 21:05:47
513,Hay River,60.8156,-115.7999,64.36,59,75,9.22,CA,2022-07-14 21:07:10
514,Sungaipenuh,-2.0833,101.3833,65.16,98,100,1.57,ID,2022-07-14 21:07:10
515,Chirongui,-12.9319,45.1483,75.13,68,23,13.58,YT,2022-07-14 21:07:10
516,Cabatuan,10.8794,122.486,75.31,89,66,1.01,PH,2022-07-14 21:07:11
517,Palora,-1.7,-77.9333,77.11,84,88,1.77,EC,2022-07-14 21:07:11
518,Ondangwa,-17.9167,15.95,61.39,29,0,11.21,NA,2022-07-14 21:07:11
519,San Cristobal,7.7669,-72.225,82.58,42,36,2.66,VE,2022-07-14 21:07:12
520,Bud,39.447,-86.1758,86.41,49,2,7.36,US,2022-07-14 21:07:12
521,Thongwa,16.7619,96.5278,78.96,97,100,3.49,MM,2022-07-14 21:07:12
522,Kununurra,-15.7667,128.7333,58.98,33,58,8.05,AU,2022-07-14 21:07:13
523,Valdivia,-39.8142,-73.2459,42.89,87,100,2.53,CL,2022-07-14 21:02:14
524,Iralaya,15.0,-83.2333,83.28,72,100,10.78,HN,2022-07-14 21:07:13
525,Plettenberg Bay,-34.0527,23.3716,56.7,82,96,4.21,ZA,2022-07-14 21:07:14
526,Porto Empedocle,37.2934,13.5264,73.31,72,0,4.38,IT,2022-07-14 21:07:14
527,Wajima,37.4,136.9,75.78,88,99,16.17,JP,2022-07-14 21:07:14
528,Peoria,40.7667,-89.7668,86.47,62,75,6.91,US,2022-07-14 21:07:15
529,Danesti,46.5167,25.75,58.8,76,36,2.8,RO,2022-07-14 21:07:15
530,Benghazi,32.1167,20.0667,77.83,59,0,11.7,LY,2022-07-14 21:07:15
531,Sudbury,46.49,-80.99,75.06,40,92,8.01,CA,2022-07-14 21:07:05
532,Yumen,40.2833,97.2,63.01,79,100,12.15,CN,2022-07-14 21:07:16
533,High Level,58.5169,-117.136,76.21,28,54,8.1,CA,2022-07-14 21:05:38
534,Guangyuan,32.442,105.823,75.92,95,100,1.36,CN,2022-07-14 21:07:16
535,Saurimo,-9.6608,20.3916,62.53,37,1,4.76,AO,2022-07-14 21:07:16
536,Bilibino,68.0546,166.4372,52.97,52,16,2.64,RU,2022-07-14 21:07:17
537,Acarau,-2.8856,-40.12,79.48,79,19,16.35,BR,2022-07-14 21:07:17
538,Stykkisholmur,65.0757,-22.7297,50.58,79,77,0.98,IS,2022-07-14 21:07:18
539,Grindavik,63.8424,-22.4338,50.47,76,75,6.91,IS,2022-07-14 21:07:18
540,Camargo,27.6667,-105.1667,95.5,17,1,14.81,MX,2022-07-14 21:07:18
541,Ewa Beach,21.3156,-158.0072,84.15,71,75,13.8,US,2022-07-14 21:07:19
542,Mao,39.8885,4.2658,77.56,78,0,2.3,ES,2022-07-14 21:07:19
543,Neuquen,-38.9516,-68.0591,42.12,85,100,11.81,AR,2022-07-14 21:07:19
544,Shelburne,44.0787,-80.2041,75.13,45,47,8.39,CA,2022-07-14 21:07:20
545,Nome,64.5011,-165.4064,61.16,82,20,8.05,US,2022-07-14 21:07:20
546,Kupang,-10.1667,123.5833,72.16,79,13,10.83,ID,2022-07-14 21:07:20
547,Kurchum,48.5722,83.6542,57.99,50,35,4.54,KZ,2022-07-14 21:07:21
548,Bani Walid,31.7566,13.9942,75.33,53,0,10.27,LY,2022-07-14 21:07:21
549,San Fernando,15.0286,120.6898,77.65,90,95,0.31,PH,2022-07-14 21:07:21
550,Kashi,39.4547,75.9797,73.65,33,99,0.83,CN,2022-07-14 21:07:22
551,Segezha,63.7415,34.3222,56.37,93,57,8.32,RU,2022-07-14 21:07:22
552,Burns Lake,54.2331,-125.7533,59.54,64,100,6.35,CA,2022-07-14 21:07:22
553,Darnah,32.767,22.6367,77.38,59,0,20.92,LY,2022-07-14 21:07:23
554,Tura,25.5198,90.2201,74.41,98,60,5.06,IN,2022-07-14 21:08:23
555,Nauta,-4.5061,-73.5757,81.95,75,99,1.43,PE,2022-07-14 21:08:23
556,Barsovo,61.1667,73.1667,55.53,94,5,5.14,RU,2022-07-14 21:08:24
557,Mogok,22.9167,96.5,66.99,96,9,2.53,MM,2022-07-14 21:08:24
558,Calabozo,8.9242,-67.4293,89.29,48,14,3.31,VE,2022-07-14 21:08:24
559,Lamar,33.6668,-95.5836,101.98,41,0,4.61,US,2022-07-14 21:08:25
560,Suntar,62.1444,117.6319,63.77,89,27,3.38,RU,2022-07-14 21:08:25
561,Beira,-19.8436,34.8389,66.34,81,0,7.85,MZ,2022-07-14 21:08:25
